{"PA_prior_A": true, "PA_prior_B": true, "T_freezeout": 60, "T_mids": [15, 15], "atms_temp_A": 100, "atms_temp_B": 100, "baseline_cutoff": 80, "chan0_freq": 354.2837, "chanmins": [23.626412136110076, 23.55056897634583], "chanstep": -0.4129215798821235, "chanstep_freq": 0.000488281, "column_densities": [5.9748427673, 62.893081761], "cut_baselines": true, "distance": 389.14, "freqs": [354.47774021, 354.47822849, 354.47871677, 354.47920505, 354.47969333, 354.48018161, 354.4806699, 354.48115818, 354.48164646, 354.48213474, 354.48262302, 354.4831113, 354.48359958, 354.48408786, 354.48457614, 354.48506442, 354.48555271, 354.48604099, 354.48652927, 354.48701755, 354.48750583, 354.48799411, 354.48848239, 354.48897067, 354.48945895, 354.48994723, 354.49043552, 354.4909238, 354.49141208, 354.49190036, 354.49238864, 354.49287692, 354.4933652, 354.49385348, 354.49434176, 354.49483004, 354.49531833, 354.49580661, 354.49629489, 354.49678317, 354.49727145, 354.49775973, 354.49824801, 354.49873629, 354.49922457, 354.49971285, 354.50020113, 354.50068942, 354.5011777, 354.50166598, 354.50215426], "imres": 0.045, "imwidth": 256, "incl_A": 65.0, "incl_B": 45, "jnum": 3, "m_disk_A": -1.10791, "m_disk_B": -1.552842, "m_stars": [3.5, 0.4], "mol": "hcn", "mol_abundance_A": -9, "mol_abundance_B": -9, "nchans": [67, 63], "nsteps": 500, "nwalkers": 50, "obsv": [23.45507064, 23.04214906, 22.62922748, 22.2163059, 21.80338432, 21.39046274, 20.97754116, 20.56461958, 20.151698, 19.73877642, 19.32585484, 18.91293326, 18.50001168, 18.0870901, 17.67416852, 17.26124694, 16.84832536, 16.43540378, 16.0224822, 15.60956062, 15.19663904, 14.78371746, 14.37079588, 13.9578743, 13.54495272, 13.13203114, 12.71910956, 12.30618798, 11.8932664, 11.48034482, 11.06742324, 10.65450166, 10.24158008, 9.8286585, 9.41573692, 9.00281534, 8.58989376, 8.17697218, 7.7640506, 7.35112902, 6.93820744, 6.52528586, 6.11236428, 5.6994427, 5.28652112, 4.87359954, 4.46067796, 4.04775638, 3.6348348, 3.22191323, 2.80899165], "offsets": [[0.0002, 0.082], [-1.006, -0.3]], "pos_angle_A": 0, "pos_angle_B": 0, "r_crit": 100.0, "r_ins": [1.0, 1.0], "r_out_A": 300, "r_out_B": 200, "restfreq": 354.5054759, "rot_hands": [-1, -1], "spwID": 0, "surf_dens_str_A": 1.0, "surf_dens_str_B": 1.0, "temp_struct_A": -0.5, "temp_struct_B": -0.5, "v_turb": 0.081, "vert_temp_str": 70.0, "vsys": [10.0, 10.75]}