{"PA_prior_A": true,
 "PA_prior_B": true,
 "T_freezeout": 19,
 "T_mids": [15, 15],
 "atms_temp_A": 100,
 "atms_temp_B": 100,
 "baseline_cutoff": 110,
 "chan0_freq": 355.791034,
 "chanmins": [23.13093742042156, 23.060253831645213],
 "chanstep": -0.41034179438817375,
 "chanstep_freq": 0.000488281,
 "column_densities": [0.8176100629, 628930817.610063],
 "cut_baselines": true,
 "distance": 389.14,
 "freqs": [356.70715524, 356.70764352, 356.70813181, 356.70862009, 356.70910837, 356.70959665,
  356.71008493, 356.71057321, 356.71106149, 356.71154977, 356.71203805, 356.71252633,
  356.71301462, 356.7135029, 356.71399118, 356.71447946, 356.71496774, 356.71545602,
  356.7159443, 356.71643258, 356.71692086, 356.71740914, 356.71789743, 356.71838571,
  356.71887399, 356.71936227, 356.71985055, 356.72033883, 356.72082711, 356.72131539,
  356.72180367, 356.72229195, 356.72278024, 356.72326852, 356.7237568, 356.72424508,
  356.72473336, 356.72522164, 356.72570992, 356.7261982, 356.72668648, 356.72717476,
  356.72766305, 356.72815133, 356.72863961, 356.72912789, 356.72961617, 356.73010445,
  356.73059273, 356.73108101, 356.73156929],
 "imres": 0.045,
 "imwidth": 256,
 "incl_A": 65.0,
 "incl_B": 45,
 "jnum": 3,
 "m_disk_A": -1.10791,
 "m_disk_B": -1.552842,
 "m_stars": [3.5, 0.4],
 "mol": "hco",
 "mol_abundance_A": -9,
 "mol_abundance_B": -9,
 "nchans": [65, 61],
 "nsteps": 500,
 "nwalkers": 50,
 "obsv": [22.74721263, 22.33687084, 21.92652904, 21.51618725, 21.10584545, 20.69550366,
  20.28516187, 19.87482007, 19.46447828, 19.05413648, 18.64379469, 18.23345289, 17.8231111,
  17.4127693, 17.00242751, 16.59208572, 16.18174392, 15.77140213, 15.36106033, 14.95071854,
  14.54037674, 14.13003495, 13.71969316, 13.30935136, 12.89900957, 12.48866777, 12.07832598,
  11.66798418, 11.25764239, 10.84730059, 10.4369588, 10.02661701, 9.61627521, 9.20593342,
  8.79559162, 8.38524983, 7.97490803, 7.56456624, 7.15422445, 6.74388265, 6.33354086,
  5.92319906, 5.51285727, 5.10251547, 4.69217368, 4.28183188, 3.87149009, 3.4611483,
  3.0508065, 2.64046471, 2.23012291],
 "offsets": [[0.0002, 0.082], [-1.006, -0.3]],
 "pos_angle_A": 0,
 "pos_angle_B": 0,
 "r_crit": 100.0,
 "r_ins": [1.0, 1.0],
 "r_out_A": 300,
 "r_out_B": 200,
 "restfreq": 356.734223,
 "rot_hands": [-1, -1],
 "spwID": 1,
 "surf_dens_str_A": 1.0,
 "surf_dens_str_B": 1.0,
 "temp_struct_A": -0.5,
 "temp_struct_B": -0.5,
 "v_turb": 0.081,
 "vert_temp_str": 70.0,
 "vsys": [10.0, 10.75]
}